{"train": {"rewards": -440.0, "episode_length": 440}, "_timestamp": 1701672752.538663, "_runtime": 7.618927955627441, "_step": 99, "_wandb": {"runtime": 7}}