{"rewards": -500.0, "_timestamp": 1701672638.032783, "_runtime": 7.632537126541138, "_step": 199, "episode_length": 500, "_wandb": {"runtime": 7}}