{"_wandb": {"runtime": 6}, "rewards": -500.0, "episode_length": 500, "_timestamp": 1701672565.532802, "_runtime": 7.146883010864258, "_step": 1}